lineage/aarakocra.kdl
lineage/celestial/celestial_1.kdl
lineage/celestial/celestial_2.kdl
lineage/changeling/shape.kdl
lineage/changeling/voice.kdl
lineage/draconic.kdl
lineage/dwarven/dwarven.kdl
lineage/dwarven/gray.kdl
lineage/dwarven/hill.kdl
lineage/dwarven/mountain.kdl
lineage/elemental/dao.kdl
lineage/elemental/djinni.kdl
lineage/elemental/efreeti.kdl
lineage/elemental/marid.kdl
lineage/elven/dark.kdl
lineage/elven/eladrin.kdl
lineage/elven/elven_1.kdl
lineage/elven/elven_2.kdl
lineage/elven/sea.kdl
lineage/elven/shadarkai_1.kdl
lineage/elven/shadarkai_2.kdl
lineage/elven/wood.kdl
lineage/firebolg/build.kdl
lineage/firebolg/magic.kdl
lineage/gnomish/deep.kdl
lineage/gnomish/forest.kdl
lineage/gnomish/gnomish.kdl
lineage/gnomish/rock.kdl
lineage/goblinoid/bugbear.kdl
lineage/goblinoid/goblin.kdl
lineage/goblinoid/goblinoid.kdl
lineage/goblinoid/hobgoblin.kdl
lineage/goliath/adapt.kdl
lineage/goliath/build.kdl
lineage/grung/jump.kdl
lineage/grung/poisonous.kdl
lineage/halfling/ghostwise.kdl
lineage/halfling/halfling.kdl
lineage/halfling/lightfoot.kdl
lineage/halfling/scout.kdl
lineage/human/adaptable.kdl
lineage/human/resilient.kdl
lineage/infernal/heat.kdl
lineage/infernal/wings.kdl
lineage/kenku/keen.kdl
lineage/kenku/reflexive.kdl
lineage/kobold/keen.kdl
lineage/kobold/resistant.kdl
lineage/kobold/wings.kdl
lineage/orc/build.kdl
lineage/orc/resilient.kdl
lineage/tortle/breath.kdl
lineage/tortle/build.kdl
lineage/triton/amphibious.kdl
lineage/triton/resistant.kdl
lineage/warforged/fortitude.kdl
lineage/warforged/protected.kdl
upbringing/abjurer.kdl
upbringing/acrobatic.kdl
upbringing/aerial.kdl
upbringing/agressive.kdl
upbringing/airship.kdl
upbringing/aquatic.kdl
upbringing/arboreal.kdl
upbringing/artificer.kdl
upbringing/astral.kdl
upbringing/athletic.kdl
upbringing/avernus.kdl
upbringing/banker.kdl
upbringing/battleSavant.kdl
upbringing/beastrider.kdl
upbringing/cania.kdl
upbringing/caravaneer.kdl
upbringing/combative.kdl
upbringing/commonDefense.kdl
upbringing/competitive.kdl
upbringing/consular.kdl
upbringing/cunning.kdl
upbringing/dao.kdl
upbringing/defender.kdl
upbringing/defiant.kdl
upbringing/dexteriousSoldier.kdl
upbringing/dis.kdl
upbringing/djinni.kdl
upbringing/draconic.kdl
upbringing/dramatic.kdl
upbringing/efretti.kdl
upbringing/fallen.kdl
upbringing/fierce.kdl
upbringing/forest.kdl
upbringing/forger.kdl
upbringing/graceful.kdl
upbringing/guardian.kdl
upbringing/guerrilla.kdl
upbringing/handy.kdl
upbringing/healer.kdl
upbringing/hinterland.kdl
upbringing/hosteler.kdl
upbringing/hunter.kdl
upbringing/incognito.kdl
upbringing/inquistive.kdl
upbringing/insightful.kdl
upbringing/laborer.kdl
upbringing/laborSoldier.kdl
upbringing/limbo.kdl
upbringing/mage.kdl
upbringing/maladomini.kdl
upbringing/malbolge.kdl
upbringing/marid.kdl
upbringing/maritime.kdl
upbringing/minauros.kdl
upbringing/naturalArtisan.kdl
upbringing/nessus.kdl
upbringing/nomadic.kdl
upbringing/pack.kdl
upbringing/phlegethos.kdl
upbringing/predator.kdl
upbringing/prospector.kdl
upbringing/protector.kdl
upbringing/pyromanic.kdl
upbringing/raevnQueenWorshiper.kdl
upbringing/ravenQueenAlly.kdl
upbringing/scourge.kdl
upbringing/scout.kdl
upbringing/scribe.kdl
upbringing/sharpWitted.kdl
upbringing/skilledLabor.kdl
upbringing/sleuth.kdl
upbringing/spy.kdl
upbringing/stoneworker.kdl
upbringing/stonyGround.kdl
upbringing/storyCollector.kdl
upbringing/strongAndSilent.kdl
upbringing/stygia.kdl
upbringing/survivalist.kdl
upbringing/sylvan.kdl
upbringing/tinker.kdl
upbringing/tracker.kdl
upbringing/waterMage.kdl